{
  "classifiers": {
    "1": {
      "weights": [
        -1.9192352914912192,
        -0.3559497886826153,
        -0.6686755291705354,
        0.02610954337365569,
        2.778561095481337,
        -0.5273258915840398,
        -0.029777030158705795
      ],
      "bias": -1.044041042052318
    },
    "2": {
      "weights": [
        -2.6152831444565137,
        1.0460824235204815,
        0.9412251187282129,
        0.04776954441214492,
        -2.159623368058756,
        0.08389869876922447,
        0.008436566665113561
      ],
      "bias": 0.02621961403623108
    },
    "3": {
      "weights": [
        3.5301887155532006,
        -1.61859202865656,
        -0.6431348585250175,
        -0.005150429619075426,
        -0.8494774537857429,
        -0.27964773169857954,
        -0.027831792436234834
      ],
      "bias": -0.5231474278022515
    }
  },
  "metadata": {
    "accuracy": 0.9879,
    "trainingSamples": 36756,
    "trainedAt": "2026-04-25T08:09:29.580Z",
    "featureNames": [
      "requestType",
      "payloadSize",
      "complexityScore",
      "hourOfDay",
      "hasUrgentFlag",
      "recentRejectionRate",
      "currentQueueDepth"
    ],
    "normalization": {
      "mins": [
        0,
        43,
        0,
        13,
        0,
        0,
        0
      ],
      "maxes": [
        2,
        68,
        5,
        18,
        1,
        0.684,
        18
      ]
    },
    "hyperparameters": {
      "learningRate": 0.1,
      "epochs": 500
    }
  }
}